,id,n_trial,magnitude,n_perturbation,basline_hr,max_hr,min_hr,std_hr,baseline_vo2,max_vo2,min_vo2,std_vo2,baseline_vco2,max_vo2,min_vo2,std_vo2,baseline_ve,max_ve,min_ve,std_ve
0,1.0,2.0,0.6,0.0,87.77539472181905,0.10564596549621713,-0.02223391396345928,3.685474848409472,0.8648627731496088,0.11725783946776942,-0.20419631787784798,0.08776965656167414,0.6729867704187864,0.10377237014677572,-0.2009279167835497,0.06567635667815051,24.81425964347921,0.39937385875851716,-0.4358940160328937,3.4956110238981033
1,1.0,2.0,0.6,1.0,87.4933982526488,0.07719555854771783,0.01276596520121178,1.674659799552168,0.7437457109365773,0.5813632704420433,-0.10786188342899666,0.1461747565476387,0.6035482682784014,0.5448222176731641,-0.06314131624253543,0.09760732239722227,20.810855471913456,1.082147385484811,-0.2940475256109223,5.631206968003846
2,1.0,2.0,0.6,2.0,88.46673724556584,0.08814115764497983,-0.008354707277048946,2.8492292009188924,0.835216162802939,0.20060812301053607,-0.21247276253265643,0.10391654872056756,0.6897773912691629,0.18395649033746814,-0.21571573865981877,0.07990723713124398,25.369909854397257,0.2902320331998213,-0.5966388006393786,4.755926969094596
3,1.0,2.0,0.6,3.0,97.49286550497759,0.03762958775330749,-0.02804614225494341,1.7814016996061304,0.7668361081151926,0.28532303579320034,-0.12317312037834706,0.09442806551285446,0.678829855706115,0.20273839143697078,-0.1433834259612571,0.0723985216787616,24.39225116850504,0.32072899139738736,-0.3430329145208862,3.8769328060646853
4,1.0,2.0,0.6,4.0,96.5127402510508,0.06063625630768082,-0.034399830260713304,2.65958390835695,0.8117824646448212,0.11796908292294285,-0.18600104025812658,0.07423370116142826,0.7060914804657845,0.08771937912136955,-0.20655213739206868,0.0627348555071479,26.412017479894143,0.34456406305070886,-0.6602887017776918,4.435219736708779
5,1.0,2.0,0.6,5.0,86.54315842637584,0.10607938177522752,0.007997629707079184,3.034364187105676,0.6784943024912146,0.2525673575004285,-0.016452077692732516,0.05113722592891097,0.5421120551935353,0.2072279483012004,-0.02990668210879074,0.038921134570771274,23.039748080480237,0.34064100431846167,-0.3748146565864406,3.7293591514657973
6,1.0,2.0,0.6,6.0,88.32885820793015,0.07024762765565908,-0.04581581025765859,3.625831374781304,0.7559614568853771,0.2670488872962029,-0.1502710378052817,0.08404810622662005,0.5939518243079988,0.24693219085221155,-0.1513849069416544,0.06299430255008012,21.403299519523927,0.3412862145789177,-0.6105672871119796,3.4867779563094765
7,1.0,2.0,0.6,7.0,92.86087492621267,0.05289925420934172,0.006740867199980552,1.2743039951328563,0.7763937823152947,0.2815116385266707,-0.1487723394223334,0.07493396632569348,0.655912098029294,0.3043666767631228,-0.12042632128961267,0.06533940100121638,22.94822992131592,0.733899676476556,-0.1171459691730687,3.9119008315877286
8,1.0,2.0,0.6,8.0,92.69185700198699,0.08529105992432852,0.0031563090861734164,2.6084730133068588,0.7046215275667371,0.42255074638589313,-0.04040721660184858,0.10535127789664488,0.6155925470905557,0.2942759970718947,-0.08877505319952332,0.07326175878563432,20.368650965338052,0.5316452702580777,-0.333165014653795,4.364898603695384
9,1.0,2.0,0.6,9.0,90.99977014715613,0.09890387457341443,-0.009841967573435651,2.677306738769333,0.842846702587164,0.11013437638586743,-0.17379206186578638,0.06901548163728587,0.7021736355713145,0.10844551286926635,-0.18071647056379864,0.05658546507511691,25.566214580239166,0.4012681744814182,-0.8492212565517432,4.999023926092176
10,1.0,3.0,-0.6,0.0,95.62944509697599,0.09127064244085513,-0.022141081390574403,3.663511496774896,0.916464929613302,0.11290934254619509,-0.2512360277966861,0.10853652084211533,0.7465929039411335,0.09125708942497571,-0.26230337475214466,0.08538948615201496,27.78850880653612,0.18931772220684717,-0.45375765358319825,4.825441728964585
11,1.0,3.0,-0.6,1.0,95.36619677407519,0.086715224692312,-0.010456959950636037,2.7734442322427175,0.8136555582487911,0.2609696202517236,-0.03663163742436369,0.08199646113874037,0.6756393379230092,0.23896141217878464,-0.02457940817804726,0.059619116707730076,24.04034169875741,0.30424081760619753,-0.16647359853203259,3.183176423965822
12,1.0,3.0,-0.6,2.0,95.34982058219181,0.1117359313845408,-0.004062100797116167,3.635929700348454,0.9228046289348185,0.15439941509312588,-0.23120934224294215,0.10237686915132625,0.7566797052288431,0.15075645203260918,-0.22460433543498942,0.08139477916770019,27.679198392030465,0.40913113144689905,-0.6914404886053456,5.545142089837546
13,1.0,3.0,-0.6,3.0,96.7109060135057,0.06428547685574831,-0.020047242628502812,2.099795032912487,0.8986412232700628,0.40989809206013966,-0.26249380563982916,0.19684919334809467,0.7508434371017219,0.34377778314735535,-0.28319779708218845,0.14794324021231006,27.343817448231064,0.6702928944339174,-0.6571257760058973,7.645464448713276
14,1.0,3.0,-0.6,4.0,93.799090466369,0.12918729453997896,-0.002367476926199505,3.5652251209576016,0.989251306183,0.19556293893676518,-0.2615703288926754,0.13734139471468798,0.7931986901609803,0.1583453061217291,-0.2737254114121519,0.1053801636296686,28.86863843960269,0.16230560078071582,-0.6742788290384234,4.993780371958773
15,1.0,3.0,-0.6,5.0,99.07257483333333,0.027588802138921467,-0.04741260764595836,1.6346140689510689,0.6220809997747464,0.5390943821235831,-0.018965879113753907,0.11938832469735429,0.5229220963502376,0.42188559422395383,-0.08974642058723081,0.09009967628435701,20.82038739693664,0.43046433706874576,-0.734080079226867,5.323963413021149
16,1.0,3.0,-0.6,6.0,93.33515250446217,0.09402904774599616,0.009837217281084092,2.276751056357633,0.9789951033559852,0.08795100427409676,-0.18789387029386675,0.06900471107701829,0.7641325055058681,0.09526496628842199,-0.1931566322874256,0.05497200227323491,29.57031598475614,0.24970404588237194,-0.5825051964715786,3.9487611382617387
17,1.0,3.0,-0.6,7.0,93.85138295539856,0.0480719292836155,-0.0264855100944556,1.715142668231232,0.9588608948567444,0.3077979887790814,-0.29578123551963686,0.1515163529916505,0.7555709880651073,0.28996498891019734,-0.2471545938069651,0.107745328607145,27.48966335668703,0.6257198257680742,-0.27340943291611675,5.252067093646294
18,1.0,3.0,-0.6,8.0,94.80511737225756,0.057327520154050314,-0.05818601740727906,3.9014563220246865,0.8074724155233155,0.38181070606836615,-0.13059600757455245,0.1308009326258329,0.6494146967956269,0.32523529997592615,-0.16570796153567607,0.09843682044211807,25.77153650217351,0.5535816079981176,-0.7577491748347088,6.811675142655905
19,1.0,3.0,-0.6,9.0,97.58078026655053,0.04805305005246892,-0.037420129751063916,2.726552362354165,0.8541707336712894,0.31821065871094323,0.034429407654632684,0.07452840054211682,0.6765380137567288,0.3163253612936069,0.03659261892242514,0.05806763331193436,23.891068177764765,0.40060287613484236,-0.062117096781843836,2.9377851104625967
20,1.0,4.0,-0.4,0.0,95.21178093909322,0.08967188671330968,-0.005911809139280794,2.774144583302561,0.7734587538851502,0.5244587969969138,-0.09806585154016063,0.10903202726403016,0.640447323626515,0.46170181764087004,-0.1377369899013928,0.08897781255011297,22.8873346712714,1.0786755980551461,-0.590364389953047,6.539910411855104
21,1.0,4.0,-0.4,1.0,94.15487834677178,0.10203991078662064,-0.001233944460409534,3.125364109369587,0.7839957177967967,0.45483267710002184,-0.12104321016275806,0.14048856283757719,0.6287064844317841,0.3761043559301525,-0.15729880777811392,0.10303340697120503,23.078443054320633,0.47456211004652393,-0.8151471839518242,5.639675761381462
22,1.0,4.0,-0.4,2.0,95.51902191975623,0.03605725114251648,-0.015908055685838397,1.396858843537701,0.8907933488670717,0.39118309936212314,-0.33358825876994663,0.1894769081876637,0.7066509215869329,0.3493423097422959,-0.2816154761932077,0.12740812157630885,26.71277579676709,0.6276177321226608,-0.605330533217877,6.4906703555240375
23,1.0,4.0,-0.4,3.0,96.99562449891539,0.08721434717286082,-0.01639251923545228,3.406118245244808,1.084563278066545,-0.03314532405269583,-0.29059572306387277,0.0978094853931774,0.8869653425893289,0.0068237530030423954,-0.2509979387319322,0.07625572603572951,33.161249913456075,-0.008424537685339968,-0.7526815671763358,4.8018055968951625
24,1.0,4.0,-0.4,4.0,97.44855118297974,0.041797726304069166,-0.009255517180142905,1.6719659120555255,1.0427959812093195,0.11812210179604257,-0.29981517642458394,0.13666732630889833,0.857372556469077,0.12252484915958052,-0.2674924425417951,0.10621118625928792,31.41883762011191,0.2788675072554319,-0.4235216429402947,5.449295936803343
25,1.0,4.0,-0.4,5.0,101.59998871084339,0.024700476591957073,-0.07038435963455339,2.3133484312688632,0.7913825685588645,0.5345581215773286,-0.09771782665388445,0.15177664252017753,0.6001956551093856,0.6356835270655634,-0.09263251577559777,0.1219700554127024,24.37270380299202,0.955219118306424,-0.7357234736363232,6.970431054433557
26,1.0,4.0,-0.4,6.0,91.72915827693295,0.09898879344960693,0.02346316264907888,1.9452806312422253,0.9047688263424549,0.24579723478875118,-0.20383431116181858,0.13707379504164108,0.7058895695527683,0.2411912371168291,-0.16926783234395062,0.09939002678391659,26.017914808891273,0.2907847096129089,-0.42711055280269544,5.304972432591734
27,1.0,4.0,-0.4,7.0,97.71924891501875,0.029499631172964832,-0.03188726801389403,1.7078674317855496,0.9086710990027144,0.11628887342866004,-0.21086086209627636,0.06562768360505056,0.7432146497634607,0.12201712684961727,-0.17516214344893263,0.05684581587496356,26.7607809647747,0.7323886455564775,-0.826709586504114,5.383380380419244
28,1.0,4.0,-0.4,8.0,95.10819747593585,0.04388104211965724,-0.0014928898907560777,1.3095963366639725,0.8216198146930428,0.3349054826122932,0.02191528179503966,0.08170566997066392,0.6877077443373698,0.27029828048273563,0.013071384105299249,0.05572517704904954,25.416222120972627,0.5932997975144838,-0.14277007597212685,2.8441680173381894
29,1.0,4.0,-0.4,9.0,95.04315742716159,0.09917202908168404,-0.0111929699795652,3.3523603764951386,0.8976050547359207,0.19932628773632663,-0.22586329033595082,0.09033152545630167,0.7343831101027124,0.1824870010853584,-0.23461679543199251,0.07315751395868651,26.481351416978026,0.6730287360351146,-0.7651145842690473,6.036071292840514
30,1.0,5.0,0.8,0.0,100.63311616367189,0.0970486939841341,-0.031670200706527436,4.310276111707627,0.6368017649968921,0.48458131710942143,0.05055562807349845,0.08435569238170221,0.5776313687865057,0.29983616518411405,0.008061816483177196,0.054371027239619,22.75296411936252,0.47497858791664027,-0.600067936430558,3.540096942123729
31,1.0,5.0,0.8,1.0,98.27077574767074,0.12822430942749527,0.007738629682194293,3.9614728921999927,0.9989638236380509,0.3584593937216219,-0.14326123570127455,0.13101165244955484,0.7661231210491344,0.34664569661840733,-0.15524834548438274,0.09189409770835497,27.84897105125212,0.48381946977270646,-0.7131216497118374,6.776015282326999
32,1.0,5.0,0.8,2.0,99.24409232536988,0.09859753757134451,-0.003608197898529212,3.1933172132188568,0.9157157141681372,0.4066666132012283,-0.10772030666285808,0.1438073682742754,0.7343570924590078,0.38027049575480715,-0.06408738841583048,0.09698020746951223,25.776616373076816,0.6818748424956383,-0.25068223552527613,4.61746959194434
33,1.0,5.0,0.8,3.0,99.24040943795622,0.025090505886638186,0.0005112628086902478,0.7722053089906639,1.0038534136620976,0.05776205223972833,-0.1767649836523339,0.07709148413769969,0.8028903786703335,0.04358539551789572,-0.1727853584039233,0.055895050786244196,29.608118152182026,0.10949900956375447,-0.33298014325790476,2.905611452730506
34,1.0,5.0,0.8,4.0,103.72155001301711,0.08556768529617992,-0.04088605089175668,3.4407362264225085,1.0111338298819563,0.22435205685431212,-0.06930956830766337,0.08950943310930917,0.8044162169776125,0.18633633923141982,-0.10571018206513595,0.06508085313075547,29.24906025180933,0.25486065909978456,-0.4086240869412404,4.131682334565139
35,1.0,5.0,0.8,5.0,99.30089808066398,0.08702093116871441,-0.019495776744981198,3.310150232098549,1.0481832816771108,0.24997685690154162,-0.17824940112857426,0.12693316730485044,0.8102792139475348,0.27870973435115903,-0.13190582179380367,0.09140891367923627,29.505347159554002,0.7755001825360659,-0.49247035881809653,6.2790101013295985
36,1.0,5.0,0.8,6.0,96.27247339992202,0.10271655094437335,0.009309592997393663,2.661919095705126,0.8788121653942487,0.37312218475522513,0.004018048864734071,0.10551247066379675,0.6999267804186805,0.32644876508019505,0.008018326270278866,0.07084124050637135,24.531661294988346,0.41647798029612004,-0.08859432013919588,3.035093362841436
37,1.0,5.0,0.8,7.0,101.69361081523768,0.03480225487292675,0.00525161656811785,0.7389091983328124,0.9328035260938643,0.19336501051784064,-0.3003091242452381,0.1380228393727087,0.7879601587411683,0.1436072740258272,-0.30704392545737097,0.10775232423220539,26.81422663932838,0.3064827942211489,-0.42925766937890175,5.362263433641128
38,1.0,5.0,0.8,8.0,103.42715234028464,0.045074237496149964,-0.018091042625988173,1.9516462988053036,1.127717296424905,0.003133860105136637,-0.2131179114063955,0.07884757398068562,0.9097425714890751,0.014711946500540156,-0.20282966610363085,0.05965603429099524,32.15668189336588,0.05427509889160817,-0.2599855393711209,2.573561331939738
39,1.0,5.0,0.8,9.0,100.15642622180472,0.09931191781564268,0.006061127438010764,2.98938932342411,0.875535105514695,0.3117439601771439,-0.1815727712219811,0.09548096914848114,0.7404660643148445,0.2641894497801468,-0.20726522235697137,0.07783928831084083,26.89360174025686,0.7427723954555473,-0.8212263964145896,6.710674340673653
40,1.0,6.0,0.4,0.0,101.93838145181257,0.03868064269003944,-0.02993495107520901,1.9953953013109356,0.9030659075630193,0.33231997929608714,-0.10896314927392559,0.12626563869742977,0.6964563405844394,0.35362111489246634,-0.056906813355389024,0.0825987101734495,25.478442756021003,0.5495549659615173,-0.15754815173217393,4.346066698328803
41,1.0,6.0,0.4,1.0,94.87924167399873,0.09435580208095773,-0.010115345451503211,2.5971259300061975,1.0101172198852273,0.21781832669597206,-0.24400375877670416,0.14248208479490027,0.7981351761945689,0.25016532352310433,-0.1847432709090232,0.09944682201570987,28.665872775133234,0.6307322983047946,-0.3942367995847554,5.809906407219341
42,1.0,6.0,0.4,2.0,100.82858061328058,0.0732025043755022,-0.005208942540512895,2.016604790007384,1.0373460703807034,0.17258596880922278,-0.17336240698250807,0.1279672278476724,0.8240659237425925,0.16629275501811136,-0.15893639560343326,0.08989087528132345,30.483688315138117,0.2675190815746231,-0.28645291754477586,4.197304336035026
43,1.0,6.0,0.4,3.0,104.72211440298418,0.015988322228415765,-0.026310994037496774,1.395685426915745,0.9738999037190019,0.1388485862484535,-0.11477971632999939,0.07503981796043493,0.7666112468882644,0.13302259951031045,-0.10309103084735705,0.05573583670939764,27.914710786015572,0.2338658525563686,-0.3179479520408233,3.0734929656769356
44,1.0,6.0,0.4,4.0,101.04999960784171,0.049213264833822025,0.006478724292946716,1.3009979557514324,0.9566235469051517,0.10265986307812706,-0.15319750472264335,0.07862572835850463,0.771120554681776,0.11217791381909252,-0.15063000469104504,0.06492196377190894,29.269700401289512,0.4264094079161718,-0.4820306528012778,5.108625948632087
45,1.0,6.0,0.4,5.0,100.27755686914504,0.05714782233571353,-0.012544864158937337,2.312759709424304,0.773196173829385,0.3094423480548414,-0.12692517831881006,0.09850064070331516,0.6202066669468543,0.2761104200438652,-0.1007071295545452,0.06324969961492823,24.993488649901682,0.5501278581010001,-0.3985820667873516,4.437039466405895
46,1.0,6.0,0.4,6.0,98.99595254825248,0.06637763090485999,0.00462393319250824,2.0850546179425846,0.907541075106272,0.2288904669730888,-0.12700754118979174,0.10120493234079027,0.7425181700604856,0.19711268238653318,-0.14750783371517673,0.07864440436407255,27.292380382223424,0.5551976367307813,-0.6065789409522384,5.863953765797012
47,1.0,6.0,0.4,7.0,101.659105,0.03381924796510326,-0.016311277705085305,1.3822826334013785,1.0589086253692803,0.0910534887445171,-0.2790829156187344,0.11931412388094874,0.8456686435544893,0.11176140714220065,-0.22239261797318766,0.0864942172650369,30.538657866216127,0.3339724455920913,-0.7110608945751119,5.535332653573559
48,1.0,6.0,0.4,8.0,100.5177024084414,0.058665169818859164,-0.0022509543799227602,1.6170147853948855,0.8915490301899984,0.1980125635260246,-0.04926174847382784,0.05321207008412505,0.7335062773954146,0.18944888620886696,-0.056765119712292346,0.042241465765145696,27.46844367978813,0.43084875073918866,-0.23506826993700905,3.3300969344609346
49,1.0,6.0,0.4,9.0,106.14155892657269,-0.00016542932617812146,-0.032301757777502535,0.9961670456827063,0.9566386008539457,0.15060132437447626,-0.14041133381966328,0.08102798977056323,0.7626321628492759,0.14670599753811167,-0.13265845814538355,0.06205644461585176,28.68678472642681,0.24179347645650998,-0.7693205685455448,5.625838833204516
50,2.0,1.0,0.8,0.0,81.68782288895582,0.054866676081988294,-0.05847395650245031,3.129969310396774,0.8184670378950063,0.11472466606188876,-0.09954825874639656,0.04375132883884211,0.6195913752230026,0.09374272087623882,-0.12440973409377018,0.03429091682741709,23.768619852528246,0.41006443368979917,-0.3069674440347488,2.870477215944716
51,2.0,1.0,0.8,1.0,81.55923556956014,0.10926391450302571,-0.012303574159405209,2.948759599689924,0.7531379857444859,0.23758661981230444,-0.14794089876709818,0.08628681673566291,0.5663349241632661,0.25790213307695264,-0.14049090301751094,0.06402443719619817,22.507216991515584,0.38316645301022745,-0.4810407350328395,3.9692433534757696
52,2.0,1.0,0.8,2.0,85.13365077904552,0.028069980926858442,-0.04885436887747389,2.0836274886609782,0.6651421893197638,0.28489908757068866,-0.008720646537170453,0.06890569915170391,0.5346940922652945,0.2330202819782042,0.0003786634661670645,0.04418304949003454,20.775018735891376,0.34869358616162915,-0.31105059567962884,2.957175129038527
53,2.0,1.0,0.8,3.0,84.45993376425855,0.024086949253744373,-0.03811745027882774,1.7092363204483239,0.7672523085173095,0.20199522578397217,-0.3954734343658845,0.12878796692616484,0.6068758562430949,0.19972547299761637,-0.3836173917966877,0.0980753644559555,24.822092587548635,0.3355675269367303,-0.6607095549195341,5.391076120926848
54,2.0,1.0,0.8,4.0,83.81749246377417,0.08156758101822482,-0.12254992978291313,5.905107346873309,0.8347181846939234,0.041695782648285065,-0.14830157984173273,0.03834640361222142,0.668518766465704,0.03541701447539546,-0.12793344201966483,0.02468199661663285,27.409080706576788,0.307213809618813,-0.5340323919966607,3.5804940152450295
55,2.0,1.0,0.8,5.0,86.13010410003042,0.020508461221852525,-0.07774145297104744,2.6466137691358163,0.7466064951986859,0.12387599601788028,-0.09204282493641673,0.047370406496943206,0.5895474781061476,0.10448901612280584,-0.1065389228215441,0.03633361215915432,23.83324456695677,0.18434850934714747,-0.6094573887495867,2.979746775576841
56,2.0,1.0,0.8,6.0,79.91026941277016,0.07709565718999906,0.004376541210533743,1.9038615914296066,0.8045108700600433,-0.005183824471609494,-0.17918709989135348,0.040149923303538795,0.6307335463810716,0.003232495274295579,-0.15797105001974607,0.02944420309207997,25.16142229997715,0.08433205063408014,-0.5010570849934456,2.559684468517078
60,2.0,2.0,0.4,0.0,82.96659219379845,0.060655833548599186,-0.055708289111671055,3.0928524102304795,0.8241749657824969,-0.036668925879372656,-0.17159144247804548,0.030054086780379272,0.6302098136697742,-0.016892117937031395,-0.1517418802594807,0.02333504816052932,24.651308478730225,0.20282974669529727,-0.4231649031446107,2.473219227828763
61,2.0,2.0,0.4,1.0,85.52656363580088,0.04291653723194885,-0.05390668138479926,2.415979725272822,0.8221488941101944,0.2516424065534288,-0.3713159615360935,0.126291689347114,0.6368800199749973,0.2804287403213717,-0.32045432840041527,0.09281260198081213,25.857753011169763,0.7627085144171398,-0.48556450645865284,6.059856518633114
62,2.0,2.0,0.4,2.0,81.4891575433483,0.06428578044695042,0.012614264534987258,1.3202229440704099,0.6333818024875538,0.44833544235597783,0.1904662579353532,0.04635934046488515,0.5159522968081881,0.40412717071769344,0.10407229102918528,0.0402471310758026,20.594328241627903,0.8076418225488363,-0.17866240583842022,3.4158143109708106
63,2.0,2.0,0.4,3.0,82.92117563085401,0.08757502910323013,-0.003315998469983968,2.2403786734680886,0.6585293597754183,0.44055397924667683,0.03305532268873569,0.07409483991979618,0.5260924896907767,0.42949958374537095,0.03455166135995545,0.05432251626852524,20.032131197077796,0.5684035941505994,-0.31626150697458655,3.7662598203101005
64,2.0,2.0,0.4,4.0,88.03430080070548,0.05096948980129156,-0.0492558383595091,2.7546751028028273,0.7354345469182515,0.20264768658756055,-0.07107396024327686,0.07454414503039546,0.5975551340010635,0.20487063811401468,-0.05143973397136041,0.05208082439188085,23.80578405857026,0.27108545202996964,-0.3487828378264083,3.2247690790820047
65,2.0,2.0,0.4,5.0,79.67256908705741,0.13431515150492127,-0.012948036162724708,3.0838632400772683,0.6248082388635956,0.39490200342558385,0.029767773026775704,0.06967358456981941,0.5304767047474778,0.29689273052774245,0.034517844804561104,0.045806036073621346,19.982994742185696,0.40969508663911935,-0.3176376623577264,2.527033500808888
66,2.0,2.0,0.4,6.0,85.72612635370693,0.04138584652883265,-0.07217924628379833,2.7589914782068803,0.706755551719335,0.2677981315785777,-0.015201084464709674,0.059199222118045486,0.5745255049199175,0.25392002005203823,-0.007101364462984286,0.043850673788253844,21.643947453321967,0.43298664616458876,-0.29312125662108607,3.243602467842841
67,2.0,2.0,0.4,7.0,90.23021621812063,0.017557074063791384,-0.062292534282371144,1.9613112338580616,0.6731258242871961,0.38274563089901925,-0.18492249513008766,0.09122780470177717,0.5674650485497325,0.362868787524633,-0.1864889694981849,0.07245004180403672,20.933664225553212,0.8466876842182206,-0.5498857456034387,4.923643905427574
68,2.0,2.0,0.4,8.0,86.33336583230763,0.008385996579304205,-0.025544768364426998,0.7595389335748287,0.6773300897092307,0.29991397359733546,-0.23336777838399833,0.11346820844130635,0.5677061113689256,0.2334978231569909,-0.20809333628051987,0.07536693834220418,22.900178833224977,0.27323872103899727,-0.5488539366331698,4.013537935835475
70,2.0,3.0,-0.4,0.0,85.19981199999995,0.07138147206240351,-0.06618862596650278,3.4767080919140434,0.6145934047617891,0.5909649927286941,0.03398861574250202,0.0926804159060221,0.4828252789730035,0.5908494043430286,0.05030691817382088,0.06892998634929133,17.38863026618412,1.4447870158140759,-0.3435388680538829,5.502052737608426
71,2.0,3.0,-0.4,1.0,88.9967924018349,0.06303764105987825,-0.03943602665264181,2.819453534673248,0.7969339245653783,0.020856056761776806,-0.15236099974834266,0.038917643297332195,0.6687500123187796,-0.00036081839332295857,-0.14927680860341272,0.028311134613329753,25.565840231539404,0.16034382906426883,-0.5428831681749223,3.2747034471118894
72,2.0,3.0,-0.4,2.0,88.59754431496066,0.009395922781787625,-0.06082049980382708,1.695060838452564,0.8768814447063124,-0.07783528493735377,-0.2621892287286483,0.04183528458077001,0.7214221854646934,-0.07038550351902123,-0.23074914921856973,0.032894413482861394,27.165718653194453,0.06220078833702742,-0.7245113681706824,4.4322620178423815
73,2.0,3.0,-0.4,3.0,85.07180486929465,0.04181257598179767,-0.01678575291545179,1.2941581299604252,0.6475103751391488,0.46357570555706895,0.1159428170075487,0.06738114437653756,0.5236470258290239,0.3855930465607585,0.11907218403552103,0.040052878589121564,19.53208433995095,0.5026380560924949,-0.08681850166239434,2.341495472204035
74,2.0,3.0,-0.4,4.0,90.63663857154755,0.0313168068322972,-0.11048113356104762,3.918367901547604,0.6606107065800639,0.4124588664335995,-0.4506285357548897,0.1830564914520019,0.553943616316894,0.29687446054899846,-0.43493593631938643,0.1292573046344796,22.50387927183869,0.38307207158575957,-0.6090229196296881,5.917193159767857
75,2.0,3.0,-0.4,5.0,91.17712517277579,0.06236423608256592,-0.07256895491186187,4.438781602049807,0.7352223742020126,0.1502119048626943,-0.11142379019767201,0.06419315509093804,0.6174765358479092,0.18439642060083725,-0.09676350023796522,0.05384327383043392,24.135190146777873,0.24463898076958823,-0.5213119368705709,3.5165814950665504
76,2.0,3.0,-0.4,6.0,81.93031343185925,0.09741432973741311,-0.0001891965404493208,2.0216547416038737,0.6933673567640737,0.22214646456872728,-0.12649398774373172,0.06874178134135689,0.5932725766575133,0.20681913003815258,-0.12763687252738676,0.05626425356889809,22.933270178452137,0.5909864747001021,-0.3221347599502987,4.032600939266036
77,2.0,3.0,-0.4,7.0,83.98783664812795,0.0033710844634056553,-0.03891146317111015,1.034392388400464,0.8803547430144034,-0.07320613146782384,-0.3854985330581029,0.07573586100484306,0.7328616458852912,-0.07374853333140159,-0.36103260431790396,0.05631198648328877,29.78321857627677,0.05324114278549952,-0.48239527829398665,3.317026016495795
80,2.0,4.0,0.6,0.0,95.98866639656107,-0.003924024212926084,-0.09092278946345145,2.3694976861345416,0.7232169323237156,0.3425452169169676,-0.13556536708160116,0.10400943232575098,0.6035899277325266,0.3222156263824134,-0.148924853139268,0.08247790414717145,24.341570521065798,0.30092819959585493,-0.6103445305740131,4.630913707922793
81,2.0,4.0,0.6,1.0,85.01751659368531,0.12935550045379016,0.035575469860654255,1.9458495596772407,0.7318192566093299,0.2610328908126679,-0.04726581158750855,0.06138749824870995,0.6490083595606191,0.2523345950853662,-0.04201502791450727,0.050663183901350176,22.709046655219982,0.5014507730415901,-0.21155909540941484,3.2423203796477917
82,2.0,4.0,0.6,2.0,91.81705874948173,0.010382837049916922,-0.09891791498711539,2.580648700159601,0.7564148061887024,0.1591042277609974,-0.26024071971910007,0.1098814925380452,0.686522697568519,0.1368774230626872,-0.2442405602085233,0.08836821966718174,25.060255670937654,0.49154039477028455,-0.3463521272672097,4.518651310207557
83,2.0,4.0,0.6,3.0,89.73821344397756,0.028458228736631598,-0.03910444632735903,1.7466107637290411,0.7438628263309267,0.2797077086191671,-0.2055319521861115,0.10372676807444159,0.6546721340777463,0.24389233028004817,-0.19361241716910366,0.0819792383653979,26.14049530636075,0.5266245935573554,-0.4927925624454082,4.941518038186715
84,2.0,4.0,0.6,4.0,93.46512463706993,-0.003205107944848467,-0.07087557471770979,1.8204053653541714,0.8070045988965131,0.09579816503783581,-0.15186696764494004,0.05251159304063841,0.6760029731710921,0.0872779312669323,-0.11189032513227622,0.03997447843582705,26.870126442980144,0.1102301878355231,-0.38266336228882136,2.9684686626420973
85,2.0,4.0,0.6,5.0,91.9965714215686,0.029054697084207874,-0.07034851753254796,2.9436193890661233,0.9024455967313072,-0.015248711442353225,-0.31269185605459177,0.07136722557555604,0.7594809207465435,-0.01262677953688635,-0.27722346266582043,0.056301811960914806,28.580001357545775,0.13898874723561466,-0.4292891488499419,3.5934864799536967
86,2.0,4.0,0.6,6.0,87.62467069696967,-0.0040011548968770655,-0.05921762306895075,1.5832100808137237,0.713041075330728,0.20416308549853696,-0.2527815462233054,0.1076432851336411,0.6294374947366985,0.1260656920614281,-0.24948135202033675,0.07454248169034249,21.966833808887372,0.2916606744689663,-0.29591954849501517,3.5595546955612756
87,2.0,4.0,0.6,7.0,88.29337292641362,0.06443728461096644,-0.013053579325323637,2.0618498582585216,0.7388886632074666,0.16416556172748545,-0.06986154660824909,0.04526661290111809,0.6314956071863284,0.155996188821233,-0.08034729094653409,0.03841632826861184,23.888789042124596,0.22914682517379636,-0.28288263844416456,2.617658016556389
90,2.0,5.0,-0.6,0.0,90.46465828957732,0.048108774752289696,-0.013724619519299005,1.9066324697983679,0.8408806105527542,0.11450214422391723,-0.18758551257854778,0.08355410166642749,0.6663617408160384,0.1502828952460822,-0.1651415047815483,0.06572818200544285,25.697868276638467,0.2132197828546281,-0.6607859779881593,4.1721315776322
91,2.0,5.0,-0.6,1.0,88.37995879008243,0.10642787796364872,-0.059083381404191775,4.933832337296454,0.8288319195567092,0.15273598479427455,-0.19300634061486446,0.07793037440074664,0.688091821357754,0.16127565969304186,-0.1749844968727204,0.0614797944816698,25.85484367094523,0.26556663001750525,-0.30071705787066116,3.7793579672281608
92,2.0,5.0,-0.6,2.0,90.94860779630733,0.050004576443577434,-0.008840406790230591,1.285857015309196,0.7055155808351733,0.3951704962769963,-0.1761145530419128,0.11110662443666412,0.6048522290390952,0.30627812355043105,-0.15730537939317324,0.07199824572348008,23.689110306272482,0.33321301429831024,-0.4864746376466345,4.0539547829964535
93,2.0,5.0,-0.6,3.0,91.2661540380156,0.08069037733584458,-0.026939943775864852,3.053026610113653,0.878490066041262,0.01879145543027511,-0.25704671333199103,0.059960455318009344,0.7408425017684702,0.009870449353052048,-0.22047909438146993,0.04642646875404024,28.33804356540532,0.09997302313313527,-0.3800135041117458,2.8778920770961225
94,2.0,5.0,-0.6,4.0,93.75978116864744,-0.015831335714043625,-0.12262905855301114,3.0787508994128454,0.7740882670025617,0.13320123435437303,-0.2316216006882978,0.09430795246754721,0.6207303463006996,0.15053434034266677,-0.2031409385572101,0.06481014136350428,25.26511196381724,0.41276706027112725,-0.363374539900031,4.154313321781074
95,2.0,5.0,-0.6,5.0,89.9324752012963,0.04833354477868361,-0.020153021162855184,1.7760503270878651,0.7627195745681292,0.29149139406320884,-0.14080742744150548,0.0947911829431042,0.6450777595621464,0.26596321318104704,-0.1458059571645936,0.07737022313140131,24.552107314916313,0.7167981501549563,-0.696588339198896,5.611898261146496
96,2.0,5.0,-0.6,6.0,91.06488974576273,0.02881951454775124,-0.0735494153082217,2.7394756905037183,0.712509918802097,0.1371610158262704,-0.1538376309022621,0.05620577557841757,0.6090721928379014,0.12623611490767495,-0.1597797524865002,0.046798703384695106,22.67454155583197,0.3197368893274348,-0.3362637442233175,3.330625782220071
97,2.0,5.0,-0.6,7.0,93.38511745133872,0.0075198775360483675,-0.07704638351350963,2.164664109430231,0.9010374831482586,0.05253728282245363,-0.24833604430186804,0.07164033192315135,0.7624998637223043,0.06657493325532945,-0.21887164852792554,0.056934254137306566,28.870924020021988,0.13822140151402024,-0.43237073384177604,3.6242903165839633
98,2.0,5.0,-0.6,8.0,94.19134929542157,0.051266406890779166,-0.026059682904286476,2.3447295930964254,0.8666665949264566,-0.01930665033325803,-0.2624766202262338,0.06712563663309142,0.7578115398818286,-0.0021536505249651517,-0.22983535707048297,0.05367705913485032,28.668205055620078,0.23289407231218812,-0.418692291097026,4.129844518879883
100,2.0,6.0,-0.8,0.0,97.15978256011,0.012568010141631131,-0.03817036881571453,1.2908032040125443,0.8290625681478888,0.10563053437516955,-0.20453656687031663,0.08064317946605609,0.6694335001099693,0.11081085342789221,-0.17895837741027137,0.05900808541412994,25.962375640900934,0.25847586814837215,-0.5919632961556925,3.428073813716473
101,2.0,6.0,-0.8,1.0,98.98524079639198,0.05999947868548264,-0.05832888189143549,3.6165240612623184,0.9012317536530613,0.20956172070730134,-0.2483843072213222,0.12346954920122351,0.7392184556699382,0.20443876512434764,-0.19881870895512677,0.08577395906890423,29.342202466418357,0.5091172111086373,-0.381575497384353,4.698372991846894
102,2.0,6.0,-0.8,2.0,96.94860336157194,0.06348168289782244,-0.02848847464754063,2.526758678489023,0.8806343644699114,0.10685103170036636,-0.2644271378620179,0.09095317519441323,0.7146315372386914,0.16281730241964482,-0.16095626004925687,0.06581514493890848,28.34359971400671,0.2256974142460396,-0.3968205376365827,3.9448959714531155
103,2.0,6.0,-0.8,3.0,95.02757710125661,0.036520166088686475,0.005333771547292705,0.871850923157481,0.6451717952194848,0.46017404514909016,-0.012658153124152846,0.0887668470965503,0.5815610296474552,0.33472207417937777,-0.027820755240302825,0.058059675420178314,21.6170371699221,0.6698629011725198,-0.0021448863697030723,3.1089732028378245
104,2.0,6.0,-0.8,4.0,95.72315363975113,0.09194281101542888,-0.008030812730277547,2.317162105256102,0.8229053017114848,0.0809634589966317,-0.12497774408847467,0.03793713225054724,0.6936896780491654,0.08829980159685927,-0.09222736480351902,0.03319607749414641,27.71717100859941,0.4160050442739929,-0.21604284681839125,3.4407800997239866
105,2.0,6.0,-0.8,5.0,94.86148671926361,0.032288783854006436,-0.07407779299519865,3.160996185903777,0.7918110820386683,0.28989903524422334,-0.23919051797362156,0.13266044684989872,0.6605727168662967,0.2995887017991542,-0.16098984972799696,0.09421331397733508,25.11644569511824,0.7103736754516754,-0.1963504541928828,5.056936614486583
106,2.0,6.0,-0.8,6.0,100.61255656587153,0.011996222948759705,-0.13935319342062455,4.975213322239459,0.7778322231806373,0.13078887678491496,-0.0174929860300379,0.037733314379526386,0.6601355814904211,0.11322005867914,-0.019663647407066595,0.02591139430142072,25.910182315709957,0.2769222770541622,-0.23342725558526023,2.4768385591113704
110,3.0,1.0,0.8,0.0,87.61403110833334,0.0627267613726777,-0.009685372238043872,1.8524603169034968,0.6394183635474605,0.08757217635630864,-0.1944515709207165,0.05853239200192862,0.5308314684762493,0.07357505860727886,-0.18791329816065253,0.043996265030948105,19.248348968721317,0.09782353126127806,-0.29293074666021496,1.9047002841691925
111,3.0,1.0,0.8,1.0,89.01199766868493,0.017831652805361912,-0.06335256139541437,2.32095363639858,0.6895172627767194,0.02464035952637716,-0.11892035653155472,0.030149012679661875,0.5529670038976476,0.013864736745351859,-0.10970504348419916,0.02293012082782216,19.61718485705598,0.05567159408815547,-0.15482403098925537,1.0377410493166284
112,3.0,1.0,0.8,2.0,88.67569013345633,0.05870913543307543,-0.007710027150009563,1.8333954119852176,0.6377624604169666,0.07217601856791361,0.01164871624286822,0.011237480964090626,0.5452386984447785,0.027619165757626952,-0.03300970162499451,0.008684809739343262,19.384203892431927,0.07814659994608299,-0.10123625486153918,0.7854458851096058
113,3.0,1.0,0.8,3.0,91.45998056842316,0.027771921837186426,-0.04876428510813597,2.5203900955638434,0.6764690275976827,0.008915757459420285,-0.2541981950609936,0.059913860386685204,0.5555900439437528,0.02730460691981303,-0.24127287306802164,0.04938299958717711,19.632407378214623,0.08610126642648104,-0.6224327641317748,2.68036784806264
114,3.0,1.0,0.8,4.0,88.15960641666668,0.06700420580205456,-0.0073990112159049055,1.7351206746938317,0.5839253772978369,0.22554621427093738,0.07926022112874419,0.020208243372388236,0.4867711326770928,0.1895543575909131,0.07725529467694799,0.013049162261731714,16.659190683042194,0.28831515955208015,0.09131082163119253,0.6801527324840716
115,3.0,1.0,0.8,5.0,87.0657497416053,0.05351753189719993,-0.01136168772006646,1.6143104181545722,0.6310638385659997,0.057890093916773924,-0.17394002855475393,0.04884841812792289,0.5267524245229659,0.019995481955706496,-0.1970535967442324,0.036897550113144086,18.463663842764944,0.16002667578487617,-0.27177029987183887,1.8550949570701243
116,3.0,1.0,0.8,6.0,86.94430564450731,0.10412061248159031,0.014724509019256725,1.8944952258951113,0.6109283846490108,0.261356328646407,-0.04192946398129303,0.04718416619750964,0.5070402012892796,0.27581801424947916,-0.04866928955205136,0.0388241935052891,17.977945767862117,0.43729486559636743,-0.7390402510576317,3.1482030055702315
117,3.0,1.0,0.8,7.0,91.81127056010494,0.020376955876165836,-0.008836285078680397,0.8490181510682431,0.7054665633890388,-0.0536599205951064,-0.16245623491890854,0.01436768876810921,0.6023549836552352,-0.0388413036381406,-0.1710238458830931,0.017528037206126605,20.46750714995686,0.08263605322961994,-0.24707370294879244,1.0507082572040443
120,3.0,2.0,-0.8,0.0,87.69337941976609,0.07191927252717137,0.0028288896486781422,1.594752705692869,0.6836435175211996,0.023756641752503624,-0.06253379826603171,0.017398778977783837,0.54702801994367,0.045919900425232016,-0.026362918108909127,0.009847610625649079,19.244123440142126,0.15284272426737486,-0.06021410562447397,0.7808368404838995
121,3.0,2.0,-0.8,1.0,89.74572672166939,0.09686747508705079,-0.021137662221465733,3.023337072806977,0.5802718248327657,0.23044613104360653,-0.049740161619313016,0.042462238991904114,0.4719305042145987,0.21807938553460499,-0.05174871001720107,0.032769863446151695,17.21406071265318,0.26572434332782874,-0.8069386257111236,2.640357569831333
122,3.0,2.0,-0.8,2.0,93.22552397423364,0.05941316623031066,0.0030868296843375932,1.4257943605013514,0.6406093999164033,0.0693669714828799,-0.04270629645825852,0.0206823039771405,0.5283817583241427,0.09196377642349067,-0.03147021122156434,0.018461563643175603,18.655576157285825,0.1566178077466197,-0.1640878221830167,1.2086708286800438
123,3.0,2.0,-0.8,3.0,91.98871755153377,0.04828978922671704,-0.10216271953426187,5.25934313337686,0.5917189512367964,0.028679244403319003,-0.3813872079995673,0.06554011406602686,0.5023253181319749,0.03305620838364222,-0.38576252965709995,0.057979511186460345,18.1803744782486,0.19549530783464059,-0.7849938854376663,3.3562840860960756
124,3.0,2.0,-0.8,4.0,94.27697760664653,0.055765457747476384,-0.036492249519112965,2.77362630066948,0.5658427269198376,0.18445124066727056,-0.027288745975629917,0.025780535746899466,0.5049882963467571,0.1490329242318875,-0.06029276071566829,0.02029503205860985,18.006992806540932,0.2767521661463681,-0.09282963125361024,1.109370133363045
125,3.0,2.0,-0.8,5.0,91.37620831302186,0.019738953583575063,-0.06798693914307398,2.595104025690819,0.5240460720151184,0.40549625377380766,0.1564308394447547,0.032574749991480204,0.44721365617683945,0.30080156662356466,0.1349097466480142,0.021030271473407032,15.521691157439994,0.3817815238057914,0.06017159372147872,1.1574840995187494
126,3.0,2.0,-0.8,6.0,88.90058506088165,0.07833936002050956,0.0010207656059847145,2.1627195772408188,0.685205701381587,0.023414967450364053,-0.03451054965701014,0.009480654146259234,0.5508860459726171,0.02712247949565864,-0.030037157181762718,0.007191860339440037,19.023102995539876,0.07407099900136589,-0.1125471598947864,0.7251873849162811
127,3.0,2.0,-0.8,7.0,88.18163262777777,0.03378567791915407,-0.025644722151181996,1.6297846471322277,0.6577559539838358,0.06214178783584035,-0.13915059238040792,0.03598531229987298,0.5439508865384233,0.023611863385542876,-0.15273880530233108,0.02668805302005984,18.25548039976564,0.11582799234155874,-0.48254402999789014,1.8027361584456627
128,3.0,2.0,-0.8,8.0,90.74752621101806,0.0614875193606333,-0.015173288212228376,2.006773269493252,0.6559595547085068,0.05718055926942644,-0.04352680085328318,0.017840311093483035,0.5469376901743606,0.07175199380040143,-0.025837510092807058,0.013399687561244393,19.0796266869829,0.2141892140671662,-0.12278520320385708,1.0352777358891747
129,3.0,2.0,-0.8,9.0,91.01282005685565,0.04423304116245382,-0.045420708396574465,2.6574404473050968,0.6399461907886312,-0.008438391264606156,-0.13666406732807299,0.02392939042738634,0.5481664953805262,0.00249086681237486,-0.1284822980657543,0.022941348662611605,19.453626492484357,0.017798968695874058,-0.18392991560423544,0.974238659506451
130,3.0,3.0,0.6,0.0,87.68904967043952,0.07197219979421106,0.0040213442529543056,1.5687387749184085,0.6826542732217095,0.025240182487023977,-0.061175302271194845,0.017387871179930525,0.5464730375918471,0.04698210669384202,-0.025374120198748507,0.009839693746999199,19.199255200510176,0.15553689250828678,-0.05801784653675445,0.775380226124755
131,3.0,3.0,0.6,1.0,89.60994257645342,0.09852953632978419,-0.01965441179190587,2.984077060343454,0.5777891385411353,0.23573320125376096,-0.03916994939476121,0.04101013120852391,0.46979996447745875,0.22360336750586587,-0.04104777920615551,0.03163604592164529,16.90727529647744,0.28869112908262706,-0.80343549389242,2.527480048364807
132,3.0,3.0,0.6,2.0,93.27121292460416,0.05889421216017438,0.0025954670983721344,1.4136543487341462,0.63994324693024,0.07048013582170982,-0.04170979549929267,0.02069847016509006,0.5281217592064085,0.0925013600649874,-0.030993395248368874,0.018423961531796467,18.633007684676965,0.1580187140176194,-0.16307535756067934,1.198834309522167
133,3.0,3.0,0.6,3.0,92.16127124432268,0.046327074609158844,-0.10384374168354628,5.256443775780688,0.5875752748934046,0.03593365763700303,-0.38424531744852275,0.0667914212319559,0.49882408028091907,0.04030721257939812,-0.3883733233709137,0.059005669201175795,17.672778485566234,0.229832219148447,-0.7788184986843508,3.278830414732707
134,3.0,3.0,0.6,4.0,99.1909079510978,-0.002391090303161853,-0.13294662222935405,5.101042678792318,0.5614571337745019,0.2869487123610762,0.045447568919450405,0.04092154335381481,0.4796714179548844,0.26265929970662394,0.03217485034476454,0.031580909966927084,18.123550075520033,0.27624218868301403,-0.05466417788801311,1.3749204957858245
135,3.0,3.0,0.6,5.0,86.52039022257917,0.052638029335387714,-0.003259354704491333,1.3161668122227046,0.5480194916143462,0.3459674772223227,0.13665047876274874,0.02362265492192166,0.42636785758192763,0.34894065992217344,0.1387659155447365,0.017897262720997596,14.936128445449885,0.40503827956491323,0.036234343503210566,1.1544530674456213
136,3.0,3.0,0.6,6.0,92.81119087139108,0.013843029961585504,-0.0695572463921591,2.7254830079144376,0.6532074327959722,0.010198807154148929,-0.14629493338804364,0.03066098324199024,0.5349904726052273,0.020333295526269547,-0.11040338155247227,0.02068896307166322,18.657340025077566,0.1747398339533756,-0.17135206689142188,1.3089022805641217
137,3.0,3.0,0.6,7.0,86.46656329957806,0.06459118277538664,0.006913625765886741,1.0265182559345323,0.49028700920928203,0.3273060437762873,0.019247692790782554,0.031494721994034254,0.4128666592665476,0.27335899502194205,0.010558812737775853,0.023974460120068403,14.047970949665837,0.47009933058697256,-0.47500446173061495,1.9796189895575884
138,3.0,3.0,0.6,8.0,92.44976878260867,0.027068504043419334,-0.04485070624040296,2.103217095435998,0.6054126361061871,0.11456447790926935,-0.278637927301501,0.07254963440894405,0.5115657303540128,0.08308553268357452,-0.2858975819183005,0.057745904798791575,18.729512183075258,0.2244936033444969,-0.7393290200146299,3.121305651200742
139,3.0,3.0,0.6,9.0,94.28424876465259,0.05568403759977189,-0.036566554794761924,2.7832779045906504,0.5678607701171704,0.18024198041443118,-0.050934128272356674,0.02703604274095422,0.5066719004460069,0.1452148389192684,-0.08306574088656651,0.021718118011046374,17.99140309506334,0.2778584833020364,-0.11119335967378649,1.129111767351212
140,3.0,4.0,-0.4,0.0,94.98092366602421,0.010466063032522593,-0.04473311486633967,1.612284881764802,0.538093954507415,0.15122662483788585,-0.09452993224576374,0.04250961390670727,0.459464096357833,0.13759519238444787,-0.13645751880014034,0.039978817561164746,17.236805626851915,0.1192156300964913,-0.6992217432479069,2.37542076799278
141,3.0,4.0,-0.4,1.0,85.2725131082802,0.06529526690482688,0.0141506954350291,1.1365029185103497,0.6258975586232041,0.02200755890501728,-0.15733809030220022,0.03444209808472882,0.5052905814931546,0.021398604524453003,-0.15626526047546013,0.027753683053011406,18.28103237483655,0.13761172036923436,-0.7804365837627575,2.5599310801426496
142,3.0,4.0,-0.4,2.0,86.82558160999987,0.06390066839852473,-0.003070788905048387,1.6389886196220635,0.5588110904373635,0.18810363386766873,0.05248800578534076,0.019869531330699595,0.4539551346969894,0.17648385613112844,0.0547784539651007,0.015763483572413153,15.443503464904463,0.3597018318739457,0.0015556006884382613,1.007054899536874
143,3.0,4.0,-0.4,3.0,89.66907538155365,0.07249733347612423,-0.021039308964947278,2.928915743648566,0.5660941409866459,0.13521123074410274,-0.03824867363546594,0.026133858035148654,0.47428094807314614,0.11022477909307245,-0.03927244801639034,0.01898510034806899,16.93040258293727,0.23880181612128754,-0.5599635877595549,1.8689351309105287
144,3.0,4.0,-0.4,4.0,89.20136223359577,0.014782708844188324,-0.0654240068799072,2.1725212227041357,0.5656935825572793,0.13677466147252035,-0.4926636928077598,0.10338348171257193,0.4779816911221296,0.13512895019672838,-0.5089673181014589,0.0897324846800073,17.164887806496925,1.4593817374501725,-0.7219547829438384,5.658499426203458
145,3.0,4.0,-0.4,5.0,91.15355020879937,0.007958297844278083,-0.06189062516903251,1.913503514284401,0.6338860522422615,0.052467718129319454,-0.07784684811992695,0.023142871644281904,0.5029339073127296,0.045825528779722007,-0.06449978239439555,0.016745733339952995,17.63000688471526,0.14055379120919784,-0.09713578064116803,0.8520811792144087
146,3.0,4.0,-0.4,6.0,83.88258187405154,0.10369716297656832,0.0067857958977235455,1.8957273122974265,0.5823193245161074,0.1705284626180969,-0.03675072694426829,0.02957431793794542,0.46599765812533667,0.16418926584071583,-0.022833692697313907,0.02111492767550773,15.89918571618393,0.28719636076003735,-0.023493354189338855,0.930833936626364
147,3.0,4.0,-0.4,7.0,91.8507723199701,-0.005489705430564531,-0.07155924935582757,1.822535537469426,0.6443723977909571,0.02308196046638267,-0.25383986029142697,0.05129009418893227,0.5356934056185336,0.02583210410132867,-0.23756056500320838,0.039679511373579064,18.66789156922284,0.07883404026028705,-0.34057998459636185,1.8287250974885227
148,3.0,4.0,-0.4,8.0,86.19505862034055,0.07073279586372254,0.002972744895111404,1.4918329567921202,0.6015505762816206,0.12581115985060495,-0.021028239272409495,0.031388006047418995,0.4825746206257067,0.14497849923448144,-0.03302764543000006,0.029446476430715532,17.13993132349076,0.1569444504200238,-0.06717358418918809,1.0157975421524428
149,3.0,4.0,-0.4,9.0,88.31632963547979,0.029655298036715603,-0.055804577046909054,2.148031390643343,0.6003515177374483,-0.013206707696847599,-0.13089469039985305,0.017777965572102386,0.5037190154661764,-0.0006600635242768267,-0.10526756699123226,0.012747745894799515,17.641801704099127,0.09728744935933728,-0.1368788239616535,0.8764760918183531
150,4.0,1.0,0.8,0.0,94.28911030833333,-0.02184997258180632,-0.10196980313219325,1.7074354255665092,0.6439366401681561,0.1314600173679909,-0.04758115269924701,0.03361942839328132,0.5422549628235679,0.1286325440761381,-0.07092587737185747,0.03183687328190914,22.54428553259964,0.10448385294437701,-0.3979502458315403,2.126406862634657
151,4.0,1.0,0.8,1.0,92.42091113526571,0.099759832810789,-0.06072663714655967,4.689290421012776,0.7550828779574106,0.1316856551160547,-0.026173684222213698,0.03137495080943359,0.6020229285238841,0.12935696340751038,-0.026118827524589213,0.025446671640554402,23.005768305022013,0.17352286378920986,-0.08048056391079214,1.3357731108965487
152,4.0,1.0,0.8,2.0,91.92641882308526,0.06951615160745973,-0.06541575896161585,3.954815884206983,0.769440957539131,0.0770897941962715,-0.09071278161968697,0.04071901052677634,0.6458535174355303,0.03694703062288221,-0.09912658002515634,0.026564843250509184,23.517732470989227,0.1701484210800279,-0.18354584544870003,1.829818359198254
153,4.0,1.0,0.8,3.0,92.75767941948983,0.029087313842577713,0.0011449081354438248,0.7488449600929814,0.7619213830118226,-0.02911492952647217,-0.21443080713129975,0.04119576056121504,0.6751855419544047,-0.028953285449877235,-0.2177229617114795,0.037080360961499165,25.854141585409913,-0.009163337162393046,-0.47378860316921134,2.227501958760132
154,4.0,1.0,0.8,4.0,94.18757902588113,0.02652601330194845,-0.038484018359178467,1.9619610548290425,0.7004131641865524,0.12946512310260647,-0.010944871300444439,0.028158488342555875,0.5955497209551079,0.10841882177356421,-0.012513714376996653,0.019389101474897134,21.77436442777147,0.18553486131877958,-0.15431167806554574,1.3618982921036196
155,4.0,1.0,0.8,5.0,86.37907825265277,0.07859952105440732,-0.012211566039705373,2.1721021676500665,0.6419070005818729,0.29472378556008083,-0.04356732480880855,0.0743167008220595,0.5296276742894668,0.2526036087229661,-0.038272473564182743,0.052449768347249105,20.893746270408624,0.2516462373354355,-0.38993839621972554,2.585269276637658
156,4.0,1.0,0.8,6.0,93.90006760425109,-0.009597430886144648,-0.06551294839050809,1.5344963943955583,0.8243115094566196,0.025603874190222295,-0.16228158525964254,0.03654923617472839,0.6893820366083743,0.04207686973572887,-0.10645483825129676,0.021949476236881794,24.591629810931366,0.1662442070914666,-0.17593674460535683,1.6487290706435431
157,4.0,1.0,0.8,7.0,89.72370974858757,0.04667350867125123,-0.001957775727532272,1.2154099280514628,0.682349104067958,0.2551274346413134,-0.23694776295509337,0.11456880880941181,0.6063579488621633,0.1829521497132069,-0.254277100596057,0.08604684643224747,24.04310277877256,0.16328380892871344,-0.4331624942476028,3.751110483833818
160,4.0,2.0,-0.4,0.0,98.48151318900342,0.03197075649742152,-0.03551216311321996,1.8013901861232566,0.7107071822065464,-0.0010249774541712972,-0.08454669291009921,0.014740896000367215,0.640705084640486,-0.022104475618958667,-0.09803377507958995,0.011289116492683339,24.895304400124864,0.00791566027669693,-0.24384178057502306,1.2063712158174824
161,4.0,2.0,-0.4,1.0,101.22511720795376,0.015900287176406725,-0.08240409586151022,3.2778647801253333,0.7774900162152507,0.004275008898843186,-0.1445964242298696,0.03557046694520595,0.6613225254086894,0.025863029152302642,-0.11414872367737253,0.029255118377927318,25.37542979327247,0.05748878142889831,-0.16298120132311303,1.3823622691375328
162,4.0,2.0,-0.4,2.0,98.49444866111841,0.021355371438340952,-0.01653032307639825,1.0851885234235743,0.7210452303751752,0.07577641411755105,-0.08092819684094324,0.03554965520776592,0.6217512496573618,0.08939238060121019,-0.06935515793226672,0.03229296782930136,23.42797483400904,0.1594677979560161,-0.1183569446693114,1.448368530693194
163,4.0,2.0,-0.4,3.0,101.43220364806969,0.01284731334348178,-0.019384412221701154,0.8654436544094566,0.709749463052378,0.07659032219734108,-0.015506131577201694,0.018269835185097446,0.6216487214767658,0.09375317145856465,-0.004639731292678872,0.017827465585264404,22.6879999437126,0.15854271327402858,-0.03806325003966873,1.1158163081625538
164,4.0,2.0,-0.4,4.0,102.33310338888889,-0.004256720205518322,-0.04588547824103914,1.2146093631978012,0.7277267365544867,0.031884975595602126,-0.06893805329571781,0.023919106202615406,0.620282720542457,0.06580343273522268,-0.04347574054871119,0.02475254495890792,23.69761735251179,0.1085435235831456,-0.22553666396042407,1.4165051262005308
165,4.0,2.0,-0.4,5.0,96.74774368757781,0.0397873439209597,-0.03987200932836459,2.330792947737199,0.6847955135247935,0.0030351523679849096,-0.08493049335791208,0.014328083869897684,0.6185751915407537,0.006530140961842505,-0.10439924882840218,0.017663884382864065,23.558264405332746,0.1189512721824588,-0.18852035322603583,1.286047172208454
166,4.0,2.0,-0.4,6.0,102.76019166666667,0.008928655045262066,-0.06069239200430543,2.3556820757849124,0.7476404559872233,0.05118816359393115,-0.17054509731054654,0.04447069348337384,0.6274060334488305,0.06964724641155073,-0.14305293427036123,0.03819939981195404,23.791942951534416,0.07354932688139457,-0.4768483775550308,2.3675253464420902
167,4.0,2.0,-0.4,7.0,99.59284961321023,0.027016360320978202,-0.020867223931193887,1.464203278898908,0.7258495200674266,0.054835829685024005,-0.21239418027701468,0.05602570366920496,0.6685818010987691,-0.005242737961942627,-0.22838268457318947,0.0461529814520933,24.757414272698213,0.060309157799672206,-0.49354288947164865,2.627129887291266
168,4.0,2.0,-0.4,8.0,101.01656316666669,-0.012310487782235261,-0.06484642677715077,1.4356123694359777,0.6778975364819574,0.1201267400341443,-0.0951054386932679,0.04097368704468316,0.6218345824266283,0.0667915819782854,-0.10067584750242974,0.028185795217407477,23.419321548257873,0.08555526932665464,-0.15195617768049893,1.3563712001748567
170,4.0,3.0,0.6,0.0,103.62455096684764,-0.004448284084036782,-0.04462794698456313,0.8772607227979327,0.7199264771391761,0.05105856210040047,-0.07982951606649596,0.024603024880685068,0.6133375252008629,0.05379910625419446,-0.07668415871138189,0.02098805770431261,23.531556054337155,0.12540320627547705,-0.1194856226039587,1.3080505299655045
171,4.0,3.0,0.6,1.0,96.63733382910604,0.08616946595624794,-0.03295836314902314,3.8793305804602474,0.5851568539450637,0.38071404488239813,-0.03253992075180346,0.069217941816131,0.5270417498939342,0.2652250867846552,-0.05081747461828229,0.04765863820123744,20.703082838598014,0.35548569820790876,-0.12498016085034433,2.2751206427802932
172,4.0,3.0,0.6,2.0,103.52868317102967,-0.004306501056604492,-0.037611858288514786,0.7988680207301583,0.7064569371583285,0.057051525820867,-0.04787193234927793,0.019667969679837218,0.6024842010029638,0.05521254562232031,-0.03377176853708784,0.013436636769958224,23.344903555473103,0.10846703908354413,-0.07326641233804414,0.9445591683277609
173,4.0,3.0,0.6,3.0,100.55989080553438,0.005088177961506047,-0.01335413945636936,0.5378070857532251,0.7430835153813548,-0.020014107796612023,-0.07101120556174793,0.010281152978167667,0.6493785081854919,-0.014750039866704714,-0.06253632089771416,0.008171743893794036,25.445279924165924,0.01303264945761847,-0.1700471179514832,0.8352374462771823
174,4.0,3.0,0.6,4.0,99.13547358771928,0.04974532560150783,-0.0054692078124629956,1.742067970687446,0.7426238788102202,0.06981189862277201,-0.11081637563855941,0.04052321100667425,0.6551603425321098,0.07921600035063417,-0.0972410056065766,0.03370550177180694,25.921829171764063,0.07491098411297362,-0.374202750904747,2.317245996881951
175,4.0,3.0,0.6,5.0,102.81721024766156,0.03944987407370513,-0.015185532091151064,1.5651066308229278,0.657807012162656,0.1355545501228435,0.001499481243528877,0.025349955286649548,0.5877930158388706,0.10015011449841744,0.006279624520340875,0.016058556940755933,23.28091857683822,0.12706674382396577,-0.060372513469757576,0.8935013467733303
176,4.0,3.0,0.6,6.0,102.15190226440225,0.019814586813652692,-0.023101892496275388,1.2376964662871832,0.6815666183262018,0.08642775412958209,-0.06998670801329587,0.035356457521786185,0.5994056727071463,0.09115175514308092,-0.04977866209609801,0.02687398074048663,22.664221313086088,0.1592563107885635,-0.10042384210565261,1.3747528329304197
177,4.0,3.0,0.6,7.0,100.44616066666669,0.040915842935718684,0.01040198377318372,1.0312671722211388,0.7300372049044811,0.001273483728148561,-0.14936841262426817,0.029541581747440843,0.6404448831812877,-0.007138957920744151,-0.14581633269958844,0.018578826605927783,25.617880426651663,0.0649464002867703,-0.3064602154452014,1.3581589875657982
178,4.0,3.0,0.6,8.0,100.7322356666667,0.025744135590464956,-0.0014914358414899024,0.7999230961161012,0.690016345526698,0.1093187075936069,-0.025841944380884347,0.0279420760756306,0.6055980065228873,0.10059337151162898,-0.01943386287912644,0.020341030530930625,23.745496863512013,0.14953693496041512,-0.06462359233883663,1.0822290946082147
180,4.0,4.0,-0.8,0.0,107.08614121030485,-0.00543462358451578,-0.1507171779410339,5.045873389858752,0.6372431999960206,0.19702688507982935,-0.09474306789857426,0.06189852342121221,0.579369741123273,0.07519653397428396,-0.11329961738906646,0.03296131400002414,23.180926030452884,0.36900238914511274,-0.32085019390165276,2.395467414048081
181,4.0,4.0,-0.8,1.0,101.46588907537688,0.016438164296189217,-0.03870875835804639,1.9919117301577365,0.7624030999758933,0.06387664195593185,-0.1841619766955887,0.0583924550588134,0.6532334124533263,0.03386092760347267,-0.1692924440461175,0.040336427527029026,25.278555632166,0.09669449118496724,-0.2376033010267738,2.0808146444111797
182,4.0,4.0,-0.8,2.0,99.84133251814195,0.02239934988086567,-0.049168189638412324,2.0817316104190726,0.7497723663905349,0.004112466704079621,-0.13592390787276135,0.030309119206091233,0.6597259326363889,-0.01511047692551496,-0.1146097463338449,0.014635297492453878,25.836288679814057,0.06503825823382257,-0.1888087292948897,1.296604981827673
183,4.0,4.0,-0.8,3.0,102.19702279188796,-0.0006509269063881698,-0.044579813413320915,1.304424791328393,0.7257168746081235,0.029874744526930137,-0.08219594770906985,0.02039165697059192,0.6524280867804965,0.03420670478697635,-0.08688908964678857,0.019336053664500155,25.46331710833278,0.40534061152481243,-0.1731326051294864,2.251367787316398
184,4.0,4.0,-0.8,4.0,101.46428920093187,0.028481122594288512,-0.05288750636895712,2.1724952177524175,0.7237340692473493,0.13283399818268743,0.0038978919011618146,0.017694371254938602,0.5892209691965793,0.1651422081691592,0.012212498452162402,0.016706803746817194,23.087792650860624,0.18603395197514813,-0.056764668047232625,1.274865527108331
185,4.0,4.0,-0.8,5.0,99.52642184273935,0.06674409780605249,-0.0159249655349566,2.0840967047803334,0.715803296956585,0.12030859711709646,-0.03146863268726436,0.02904793813947826,0.621232520605706,0.1025891449818819,-0.037457926094989574,0.023205932139372363,24.697277457781155,0.22832930040505967,-0.2673560560904161,2.002355747281264
186,4.0,4.0,-0.8,6.0,104.2407326553297,0.003767887414692405,-0.05546519587930095,2.042879074224209,0.742433431735958,0.02527765803609353,-0.052448056883621835,0.01550180205631504,0.6462526587588515,0.024375407092945743,-0.050649458971904315,0.012647191929145183,25.632333150944863,0.1199649040352553,-0.07808290651021856,0.9634472747361527
187,4.0,4.0,-0.8,7.0,101.64036808457712,0.04846386386790071,0.0003184403873331551,1.4958362227041502,0.7371191786271465,0.07127063749463641,-0.09080164715626672,0.03384204313031129,0.6455243473309813,0.0790724652998543,-0.08466480559340078,0.030967951168055,25.78791722070146,0.10204380900717942,-0.20005905455565778,1.758422903285045
188,4.0,4.0,-0.8,8.0,99.98138717290774,0.02377977917044545,-0.020571974742905202,1.3061672092917351,0.7064960045807648,0.10323773014788361,-0.07451563875551437,0.03865044930591401,0.6331037039755883,0.06356206828348115,-0.08008863377076934,0.027557371736039945,24.34841360883576,0.13538012220613996,-0.11023987595825642,1.4584460911600157
190,4.0,5.0,-0.6,0.0,105.52270099487178,0.0031064311473995476,-0.05855922138274594,1.5190135879533924,0.6622426253252479,0.06698040472387408,-0.05307230557886342,0.023707036279118576,0.5725281233093733,0.06013453725683725,-0.049939760104014484,0.018158495936802167,22.886386504356395,0.13013190014098538,-0.10462844897715612,1.1912397672222013
191,4.0,5.0,-0.6,1.0,100.78653604031956,0.018987807460020215,0.0018406882362272902,0.4525789673297337,0.7185470632597963,0.06566155072348907,-0.11912509079902907,0.04202072617385817,0.6048494841318239,0.09258625329076606,-0.0672274163711497,0.028344394757046042,24.15366699184704,0.13704302033716853,-0.08956929378596616,1.3918371499333702
192,4.0,5.0,-0.6,2.0,102.71551700826447,0.011746885207644895,-0.06060059458560683,1.8084922170262494,0.72338021176041,0.0506805444208755,-0.23597119529123037,0.06086384755623793,0.6399898606388158,0.053804659431983134,-0.2031580991172465,0.047577458894540785,25.863215428108365,0.14615845250181528,-0.2586385748155919,2.693012043205718
193,4.0,5.0,-0.6,3.0,102.78951769835737,0.03711278294664956,-0.012873013981852994,1.100137373867829,0.6489040762950488,0.16311801166059253,0.0049450799590743475,0.031361581906802015,0.5850416746268977,0.12589833448525156,-0.016337889004892032,0.02534273305836713,23.818654468108317,0.15601161697594199,-0.0701852429876199,1.3887178215446663
194,4.0,5.0,-0.6,4.0,110.42924379592773,-0.03299543235174216,-0.06746183068327435,1.1250752534098374,0.619383494028694,0.1835799107070094,0.02345694945023341,0.023461910178141872,0.5614497059445669,0.1387333024758335,0.015522026574769001,0.017634688490035223,22.276531371906756,0.3110095037425695,-0.09751888527404605,1.6917457574279178
195,4.0,5.0,-0.6,5.0,107.2033042840884,-0.0009304423572556025,-0.03837385714517576,1.1196260795290582,0.7198673830726782,-0.005565758469795502,-0.08255504687476363,0.01647317176209057,0.6335799683771403,-0.019671977587511883,-0.08270275639096719,0.01102295834821495,24.174688041818772,0.05264209371427223,-0.09337582957947761,0.8275139350359481
196,4.0,5.0,-0.6,6.0,103.66476081788983,0.010319707674004357,-0.03993149054506621,1.4195907452695102,0.6547532272210226,0.13208552116046618,0.03581170816536115,0.017900006916522108,0.5781430603355345,0.11888579388158865,0.043881730801335596,0.010519940851469027,23.38231522785757,0.18976930785256838,-0.034971036227705955,1.1093807352282585
197,4.0,5.0,-0.6,7.0,100.92337134383881,0.04635702851810488,0.013178943237581394,0.6859788278394957,0.728506213461938,0.04200918016660534,-0.047184520454174116,0.014617891466533986,0.5996024441608481,0.06790472261628389,-0.013425739389444151,0.009835417609793838,23.954582800319493,0.18881087297503546,-0.1476941231330444,1.1147726792536592
198,4.0,5.0,-0.6,8.0,105.87031537750637,0.03076109914647667,-0.009982168974731353,1.3462203614483443,0.6941297006844619,0.06858881423110987,-0.09629622464826741,0.037534846244053184,0.6078866991767843,0.07367110742404397,-0.0724950901243174,0.02863278929819569,24.245736955632996,0.10605401897780004,-0.24988630224991232,1.6401608524761473
200,4.0,6.0,0.4,0.0,109.35192990625004,0.003989237814712894,-0.04187885089038435,1.5670081486110337,0.595309859750058,0.17347541922116289,-0.06847007253899579,0.04360798013104262,0.5303721028699776,0.10807636590277735,-0.05042789020894186,0.021842024879273513,21.70848044073565,0.1844827995210729,-0.09517178921257421,1.342204659917668
201,4.0,6.0,0.4,1.0,103.59930770550159,0.01443435576274593,-0.0791092995656459,2.594806045147004,0.6439990724265013,0.1605260828924459,-0.0028180503171449807,0.027335833309328567,0.5362957769187109,0.1770769208628109,0.001232268355290407,0.0248414505103133,21.492725556580584,0.23534299973388711,-0.003754852406066843,1.298138737923351
202,4.0,6.0,0.4,2.0,103.46112800000003,-0.0020406504750268752,-0.060623039021959126,1.8286880826790877,0.666930576373195,0.08355706236006225,-0.11283360998283827,0.03794106633265987,0.567581735334277,0.07784212894486325,-0.10533244728071745,0.02934548327840451,22.90663926352539,0.12354404091799795,-0.17584588219017133,1.774306584715566
203,4.0,6.0,0.4,3.0,99.45334445080613,0.131967965699594,0.0064152293567837125,3.4084749561120207,0.6790504478377936,0.045967541787145696,-0.057343246259361,0.02185720355557335,0.5815071876434761,0.052407949934639195,-0.04084132143802877,0.014873957169365785,23.60201835904595,0.16467593389157126,-0.30248487694779935,1.55864105334321
204,4.0,6.0,0.4,4.0,103.64240108987886,0.01278815981930356,-0.019184944403534673,0.9481395640702045,0.6779574051880629,0.03365740962940984,-0.15652152948210882,0.04045046651690521,0.586090707710754,0.03346506804655078,-0.14180084078322094,0.02983227753877441,23.648096210607573,0.11704279621918609,-0.18848646626098706,1.5999950782690653
205,4.0,6.0,0.4,5.0,106.34573026435937,0.0031465727257553784,-0.05541576751327671,1.8858917868591056,0.6833820111964691,0.011468962161784026,-0.09934392196320822,0.022682130451926567,0.6044782032357177,-0.019893427542765636,-0.09368821966179196,0.013155509203463358,24.408832445126162,0.04926977776958238,-0.16880762821243117,0.8344704314828894
206,4.0,6.0,0.4,6.0,104.2596476906781,-0.004518984104722315,-0.04964748965570375,0.9900636946555947,0.6849855369898812,0.012984990303562849,-0.06335607314968153,0.015767928910304135,0.5718883691813228,0.020978789967480763,-0.04449665721789744,0.011250571785068079,23.116214318374993,0.12443867618817624,-0.17316815552279452,1.0402585832148927
207,4.0,6.0,0.4,7.0,108.34261793287119,-0.00891207775172223,-0.031013454937653985,0.8394610426525718,0.6948319852821939,0.07509950278119173,-0.0849710959702114,0.03309226989650613,0.6016199293504635,0.10459672900502953,-0.062262384895985894,0.02702211102983693,23.723269804496745,0.18950806849386947,-0.10611836130336554,1.474497415083334
208,4.0,6.0,0.4,8.0,102.70331678932814,0.04373941710068183,-0.00676636139223621,1.7088911200146446,0.6730191992884658,0.08275761591623462,-0.09165504341843117,0.038695376675520636,0.6018841008244967,0.07304122403110662,-0.07707884533080762,0.02844473358083132,24.206581407695122,0.1129302643587645,-0.1466200357911539,1.7924987822311977
210,5.0,1.0,0.8,0.0,102.4024275,0.056656155655107274,-0.050611495159800915,3.331381819218597,0.4279788038757202,-0.10789375376419155,-0.4552866904282531,0.04533948978214194,0.32282791996988225,-0.07675142993183798,-0.41216060889817496,0.03199056770117821,13.714622444229086,0.04437861546749311,-0.6420700218558089,1.9229125518835406
211,5.0,1.0,0.8,1.0,100.76714837850321,0.028009375503584094,-0.04958229157541838,1.9194272553171208,0.3261093582911072,0.2840055296058355,-0.1751041151519272,0.04425542558956955,0.2563556701784631,0.29724732323067743,-0.12141492198678781,0.031118112812098985,10.712298741086453,0.40840939676936294,-0.34762964298491594,1.8471739083637384
212,5.0,1.0,0.8,2.0,102.24153491954024,0.03961441477038533,-0.03350914925168245,2.438263691999153,0.3262733383000416,0.3517450728199798,-0.33464101512151423,0.06458379606988554,0.2790097434454912,0.3331725543601909,-0.3280141217393332,0.05282774092171845,11.884559124721294,0.2948853147402356,-0.6839620727773308,2.6753865277255042
213,5.0,1.0,0.8,3.0,100.12923809327852,0.025678715976040163,0.0013595529939727207,0.68029334271522,0.36782482270956984,0.049134701501308505,-0.4279593005125175,0.05503657798440115,0.3165960692754475,0.053409373286485685,-0.40645274525573294,0.04503357305405884,12.567455726025273,0.21680332285073367,-0.4116229138176497,2.352752472344675
214,5.0,1.0,0.8,4.0,96.60320853949665,0.14719846547986973,0.005012480917648237,3.7193194047490756,0.2260394136110022,0.29388160064437174,-0.0791710110422503,0.026482310314544864,0.19368818129827992,0.15584959679041702,-0.07551162021119887,0.015015055089959544,10.06619043546599,0.13223168042435615,-0.46356005582220555,1.2650195191239673
215,5.0,1.0,0.8,5.0,100.83350874467848,0.06049162968677528,-0.033466144208302025,3.255397678054937,0.3863386184185672,-0.06989476360713962,-0.2741149140882827,0.017383100051500424,0.30529531841696017,-0.1043512201721823,-0.28700889003828783,0.012598569295827125,13.173382674423522,-0.045055361905122805,-0.6122412277487598,1.4773247221827916
216,5.0,1.0,0.8,6.0,99.36067482033008,0.0841540298258121,0.006434388462296484,2.617271002649971,0.3385507096515098,0.42324325525333106,-0.40518770666222426,0.09182245908380805,0.2891728338726723,0.33636514440121257,-0.4091551476685746,0.06995658180122567,11.960786235341246,0.29822247081632364,-0.6292586828426896,3.2615301549855515
217,5.0,1.0,0.8,7.0,102.69088177822178,0.05470645021774708,-0.015456423367528225,2.210338229248714,0.4009042001883777,-0.039045243740636414,-0.3968298923451802,0.05361132201074037,0.3382494866378085,0.02001710268706872,-0.3507802235683195,0.045567653988899656,13.375594164750677,0.11308983883659529,-0.49352086504814296,1.9972727833131245
220,5.0,2.0,-0.4,0.0,94.97566043788437,0.07035979675645773,-0.3058767892647384,9.298879045106643,0.820240138494682,-0.005700269515517532,-0.16413439936841698,0.03021466905375775,0.6180164577653623,0.009038246062765818,-0.143531508367879,0.023450048642454372,21.66061940600458,0.09015074477795026,-0.35879933894201,2.01398277727181
221,5.0,2.0,-0.4,1.0,75.52226024059163,0.29879246032919865,-0.362409603423627,13.539350748852558,0.910602853391936,-0.024273481508846464,-0.34420211984654664,0.08749505237719697,0.7102329023380798,-0.01065609369650098,-0.27616891425804707,0.060425452797451804,23.422460525358677,0.13121856091663986,-0.3066405313671948,2.5844458717645367
222,5.0,2.0,-0.4,2.0,76.68540970452182,0.36297570337231616,-0.019942193132081103,7.934370015743692,0.6453090746693628,0.17558012173509202,0.08142624205023681,0.01626520891937546,0.5573466036902966,0.18281703367378074,0.07792242798387829,0.016799015731490792,19.921384861372616,0.3287699581673533,-0.03547527405171271,1.4694359995419128
223,5.0,2.0,-0.4,3.0,56.05425244666661,0.563504523036131,0.08015890600999939,7.407478215160769,0.7748689680553901,0.019110893066363415,-0.2993492286282103,0.07163393329780274,0.6285533034978575,0.05602596650572601,-0.26199727395502836,0.05989424625803762,22.49881880484116,0.16929076520487513,-0.3394846133569275,3.1144477676152054
224,5.0,2.0,-0.4,4.0,76.97432525528124,0.27315179022340536,-0.20896813199250364,8.59664250875867,0.5456730663358774,0.44092556426060187,-0.19123568840133107,0.09490062832555866,0.46804676682950497,0.26806967734385545,-0.19761082226908963,0.054313722382506785,16.893424040039932,0.528714371155463,-0.8331271174821337,4.127928209612214
225,5.0,2.0,-0.4,5.0,89.24323445746067,0.047792230027604354,-0.3800318390441502,10.051848868300917,0.8398960533414844,-0.02725582890077381,-0.16181765146869856,0.03417361463619294,0.7108017264725304,-0.03755033175445335,-0.1528228630231059,0.02534758768856317,24.28049897766111,0.0777646311543436,-0.2431759238229679,1.661266504501596
226,5.0,2.0,-0.4,6.0,83.9767249565217,0.147861111186904,-0.16991814138627045,7.955223709105361,0.6602438247684943,0.13523739770541524,-0.037663926428994056,0.029585049037168437,0.571507165302955,0.148872774297535,-0.0453844632638968,0.027307435467908734,20.111006445942245,0.21548387309143768,-0.19730504253295306,1.7921060570804466
227,5.0,2.0,-0.4,7.0,74.90085950000002,0.18739380731762917,-0.2899282042968015,8.322522560873315,0.6312481613971085,0.19920622548844527,-0.22405257352805047,0.08575384933586562,0.5626563363465786,0.17508707023464767,-0.21507762575207368,0.06989787756751088,20.809824257048575,0.2997110555881935,-0.4272501272169684,3.597874333553054
228,5.0,2.0,-0.4,8.0,100.61203292837466,-0.0206744970334649,-0.47087754160782014,13.289532710903298,0.6097552604254238,0.3190220897355391,-0.1360943853499295,0.08505159830068662,0.5202828903915513,0.1898407490584039,-0.1524196126711266,0.05380705743502219,19.670761379036204,0.21714365932414884,-0.6694459077564539,3.229409274652199
230,5.0,3.0,0.6,0.0,84.91136833700669,0.19277053201054128,-0.40836668534498033,15.34821975972184,0.6530427737016505,0.17456367405204715,-0.22595111121806163,0.07036590254965078,0.5235121321653494,0.17617169563127918,-0.22226574876635416,0.05492500555888847,18.237173585559773,0.29203844633612286,-0.6440372723017027,2.6655112763360576
231,5.0,3.0,0.6,1.0,57.80496500000001,0.7406176736706709,0.04359547661693086,11.452640541836981,0.615921906646013,0.1924744574406408,-0.03841100673946596,0.046714946390785675,0.51514755977211,0.17615523434222438,-0.06004377006232593,0.040060248343231734,17.977256831475003,0.2950035289837862,-0.18418059811586127,2.0340030852966784
232,5.0,3.0,0.6,2.0,88.04663159702817,0.017029394809413022,-0.31322877041597136,9.95140448432807,0.7401095867251012,-0.008139511568043338,-0.22098349320639551,0.0426365983288409,0.6145917813911489,-0.007354260406679949,-0.1943493441019783,0.03480640648291201,21.176699286871916,0.04262423912147444,-0.2102582761107427,1.4310890388429212
233,5.0,3.0,0.6,3.0,71.13564131536916,0.3864850049322731,-0.2664798788179021,14.274969312906496,0.5613101589473071,0.24220534620296624,0.0324544371506859,0.03637333312909868,0.4761857343546916,0.19930887035772635,0.033020530382038275,0.02430087604023067,16.795724272163838,0.30177488842743855,-0.03903005025129114,1.1781921916437672
234,5.0,3.0,0.6,4.0,87.82483989730116,0.038925831029534855,-0.3176514446066127,9.878376516154056,0.6673630049887272,0.08513716205715091,-0.07495706866786103,0.02846373674389333,0.5711965544846253,0.0898484657664955,-0.06824037192484879,0.022102851938616542,20.966672048754045,0.1724509063278383,-0.25222231072442836,1.7804714311280283
235,5.0,3.0,0.6,5.0,86.24367334669552,0.3958333470109259,-0.0068179132405513715,9.430428429996915,0.46357944260178663,0.41530018691294035,0.003329227860755786,0.06401580196147692,0.3937873393937439,0.22950061871657607,-0.027603288196399255,0.03084062225671065,15.686819857435415,0.2710700473997142,-0.397274862207734,1.9276627697281399
236,5.0,3.0,0.6,6.0,91.35624838717469,-0.1389425422722817,-0.3277312101831365,4.887885988996149,0.6932902046354097,0.08744266405218938,-0.006576487624173493,0.01772960888670838,0.5075267419768775,0.13035490188939683,0.017505657044708734,0.01677349824075691,18.449280837665775,0.21085991924369313,-0.08973546908552621,1.3721165523622598
237,5.0,3.0,0.6,7.0,82.47562755220594,0.34797193187763087,-0.10443283595860085,10.815079942014009,0.7072229043261545,0.14920154555953946,-0.16788574803970338,0.06097850808251199,0.5721443387595527,0.13169871618262124,-0.18516578927703436,0.050668428457977706,20.001565263135085,0.2272246246083746,-0.7002392528782856,3.7370471482018806
238,5.0,3.0,0.6,8.0,80.01544849999985,0.16483351247686262,-0.16170013525359375,6.123079112899597,0.6585056677039749,0.17462014744491214,0.027709090454033986,0.031826436436410525,0.5531286942651804,0.19993416111093157,0.043213154144769464,0.026689504678633798,18.546719794917262,0.2913519179228841,-0.016728259457541653,1.119124404133685
240,5.0,4.0,-0.8,0.0,99.9823191471938,0.08093371829966546,-0.0012084051282700257,2.82197765258057,0.8222874695711198,0.3444628930977178,0.024963055598237884,0.07011712728240314,0.6208407597472786,0.35129665989883946,0.03132115725995349,0.04910580902662356,20.723971981157035,1.2833482651982187,-0.5564789491969845,4.442844909830314
241,5.0,4.0,-0.8,1.0,102.03415183333334,0.07085713985721447,-0.016811474560353038,2.729716758961389,0.8272838493551519,0.06686510416841232,-0.09521814641532209,0.03944611844213554,0.6821242619991074,0.042082439526705005,-0.10371492534669732,0.028366090138251927,23.794206633916843,0.05199279423166683,-0.1907526864466351,1.4437293785088359
242,5.0,4.0,-0.8,2.0,103.20389199779736,0.055285016257154894,0.0013139814747058077,1.6318760852575886,0.7457486634000964,0.2807819636008681,-0.07456349268150457,0.07342735189522591,0.643958017651218,0.1823035353890146,-0.12855905902879164,0.05636314282647673,23.58267772432577,0.2456289088477463,-0.7547119211501608,3.659846362900665
243,5.0,4.0,-0.8,3.0,106.28198961309523,0.04614335455720178,-0.06778184751076205,4.235900031435307,0.6676467851201092,0.4265484806188123,-0.017588198757319252,0.0736395278126286,0.5633789960079457,0.3460694167148218,-0.024081691115738563,0.04866611675331862,20.6922831106506,0.3608679931167606,-0.40076279543157173,2.330663318537411
244,5.0,4.0,-0.8,4.0,104.9126417614379,0.06422020773219538,-0.03242119054932054,3.254347685831424,0.8623860795317203,0.08131251956894427,-0.060074541425950395,0.03799433955024323,0.6917223129448018,0.1045271382825366,-0.033319485671629366,0.0294817753282258,24.208453996982417,0.2623688221644824,-0.1792537608420096,1.8245420001221437
245,5.0,4.0,-0.8,5.0,100.29157309955266,0.09702293664632271,0.0070218178713312585,2.3699761507975836,0.7841714055657749,0.24742871574572536,-0.015569577700046746,0.06125394336029043,0.6575596656415225,0.24927982244590352,0.03659323128533685,0.03824604185599488,22.379720656767564,0.44084857307938363,0.012072209270729993,2.0194090326987753
246,5.0,4.0,-0.8,6.0,102.34702314365411,0.05358756032225647,-0.0033906520482479647,1.7640422761093473,0.844945811909504,0.08400317585794313,-0.14826102413863346,0.0651858109287438,0.6846386411594575,0.11251331756523288,-0.06952036860686495,0.040336471037219546,24.036739085110835,0.20763839376545326,-0.06507963391642378,1.8380748563566753
247,5.0,4.0,-0.8,7.0,101.37692849339207,0.00937660590762399,-0.0959385492772936,4.410531997357133,0.8612598062039526,0.030101086916056573,-0.5551585134592047,0.12422524373232083,0.7305776613369755,0.03595775166271277,-0.5217839980634722,0.10009224561700135,26.88389272896866,0.04163488574075032,-0.5507974910154393,4.13210267190118
248,5.0,4.0,-0.8,8.0,90.74125929021588,0.10147569661988684,-0.04251925935590415,4.4237354570208085,0.4295070206715185,0.3290033034546534,-0.2884236670547873,0.06020345613721068,0.3854128510618907,0.24701634029055133,-0.3277597381082821,0.050337810816949054,14.883973447131439,0.583341056990525,-0.869328597049772,3.8834769998599312
250,5.0,5.0,-0.6,0.0,99.88632196861924,0.07989202848459655,0.0011380740539878057,2.5850795477494413,0.6513860924166,0.4771167261476496,-0.06107744630045907,0.08562863893747025,0.5309190672723142,0.40673607188952743,-0.04575937333559735,0.05709351516813003,18.488200404034416,0.4834715005997798,0.01612876328485582,2.0706486080673714
251,5.0,5.0,-0.6,1.0,104.1913364859443,0.014705287077898711,-0.04898043021679399,2.1168935414975825,0.8161128592184307,0.16716663659245456,-0.15212719831595695,0.06644751856646917,0.6648629156396659,0.12121492482109918,-0.17336033916289662,0.048156827586511415,24.426012394968282,0.26412625103405035,-0.34407121220374953,3.1477328068676576
252,5.0,5.0,-0.6,2.0,105.16374587128057,0.020414780812275907,-0.046812610174059154,2.226728817835713,0.8431228524004599,0.10859034257964477,-0.107454736241656,0.06014610729592955,0.6844670473245414,0.09935667666778589,-0.09845288619046197,0.04102494021169828,24.368677896922524,0.33515417681915455,-0.10994292542660349,2.121812371548452
253,5.0,5.0,-0.6,3.0,101.83791471725014,0.04616944881484991,-0.01924238052085085,2.0119227443743823,0.7083682091534163,0.2750597795472038,0.010899713635017643,0.0471317754952296,0.5790776040411709,0.2051267267444152,0.0318614678910307,0.028247212309105874,22.580927232323965,0.19907052144986614,-0.12235858516608539,1.615117591100651
254,5.0,5.0,-0.6,4.0,101.7472767290168,0.06808268330619266,-0.015472421273834856,2.9007616574353445,0.5700056232771503,0.7191496940762891,0.12144104194544636,0.11345048660903893,0.4839121907156323,0.45179699994345823,-0.012006254946991904,0.07099909837021251,18.50943784243676,0.6312694279645257,-0.31532080301657506,3.27037698777996
255,5.0,5.0,-0.6,5.0,100.21691328431372,0.0644267146408295,-0.0067145680530457386,2.32152885796303,0.778698394923297,0.16075434777399486,-0.054886490331194714,0.039523826343568644,0.5966038938990791,0.18906110418954655,-0.04038462621397788,0.031366271599649116,22.427966131644766,0.21355180490014708,-0.299701281527235,2.1934689556240214
256,5.0,5.0,-0.6,6.0,99.18258783333334,0.07662130370219486,0.009762003847617464,2.1033804083307412,0.866411223033577,0.044855104826344125,-0.2491370023440391,0.07298642437909515,0.6890512110133682,0.06605336271938206,-0.229610634970855,0.059485488243762576,24.918522641225852,0.17960945791026975,-0.7499966971237031,4.186547283712967
257,5.0,5.0,-0.6,7.0,101.62851333333333,0.03747458800440337,-0.005426757858047309,1.5272089129311037,0.7609495037740092,0.27569754233569244,-0.1482547163945006,0.08356175964286135,0.6067361008614608,0.2892328715902568,-0.15380662313730273,0.0696358467669216,22.327112274575306,0.4557250320042558,-0.7031749640744261,4.504502906070454
258,5.0,5.0,-0.6,8.0,104.93927304065042,0.01571347594095443,-0.06191459929528523,2.79118626211858,0.7579678357527769,0.19912831180059576,-0.1448790765179738,0.04426087268380712,0.6352596450881395,0.1828962012615961,-0.16002475892681672,0.03517483246776684,23.267109792541973,0.44103243245553,-0.05991281599295538,2.110159732466764
260,5.0,6.0,0.4,0.0,100.46555883110669,0.033894046853285356,0.004528899113612595,0.7877384862846009,0.6304746071630912,0.2964745083206415,0.034339268749566186,0.05243724578979924,0.5566714474908129,0.1389905153172088,-0.016451596835704626,0.0271773591200603,22.19930731562382,0.17712875686397625,-0.12049603418846248,1.4003775868185908
261,5.0,6.0,0.4,1.0,99.65910813860016,0.023488990671522582,-0.007501653913663344,1.0095328828063883,0.8109149911615527,0.015220981649151227,-0.33695069038325487,0.06769836736241168,0.6438133337181856,0.034415894623035036,-0.29993582651389367,0.0491951014943465,25.304165438813133,0.0802450567608766,-0.21665460076259802,1.6388701859649444
262,5.0,6.0,0.4,2.0,99.80162997111113,0.0019026720563909585,-0.017807716007014186,0.6297536792573275,0.7166027837622237,0.15592802524997454,-0.05901250980552091,0.04696833728066968,0.5883032785746036,0.12294867763542879,-0.08262621267768544,0.03616542843200548,21.107752862594662,0.22063184418853385,-0.15275454646874187,1.5081458867913264
263,5.0,6.0,0.4,3.0,102.81945884603891,0.002408623029360463,-0.046595014369079424,1.7634229817004528,0.7550101096835982,0.06879775494387329,-0.076431716942999,0.035586091438887635,0.5838933230872526,0.048847268796486036,-0.03713154906619092,0.014881536101066342,21.325486164144962,0.1267914312169396,-0.04716821447551425,0.7221327357043642
264,5.0,6.0,0.4,4.0,103.01943106072352,0.02438306667661799,-0.03355930326365655,1.8492607448151264,0.8116813301577727,0.09227200633722295,-0.291679710401677,0.09718885937865188,0.6422539483391371,0.03382175333194141,-0.2749974441997051,0.057331061991774616,25.177513934297888,0.005940756042720581,-0.44142976776829135,3.016388282984754
265,5.0,6.0,0.4,5.0,103.1780255372964,0.010130526554679945,-0.07137850770658687,2.4595157784116117,0.6407927597462995,0.3565985403450785,-0.09085163667388609,0.08137642360220955,0.5223626515802824,0.24852284615434078,-0.08603984714486101,0.048226896178173856,20.547973164119632,0.22406996684977498,-0.4976280060692255,2.898483236411831
266,5.0,6.0,0.4,6.0,98.35205332770745,0.07555878042978911,0.005683529095403727,1.7769546552921,0.7249713639518754,0.039822293016798925,-0.2717878128455679,0.06661503391954496,0.5707937221628951,0.027403825663234918,-0.27851265490354743,0.05305475355915582,22.319122819273627,0.27761274837976097,-0.7103894747689901,4.0680261343361455
267,5.0,6.0,0.4,7.0,99.6005597084942,0.04955735495816547,-0.0030310440645285527,1.3485488566244281,0.7684768368660532,0.08294019304341538,-0.164680758176296,0.06332625591720159,0.6228730207774607,0.060575515347030644,-0.1605647864242418,0.04761889943884081,23.59378300568182,0.17690774347934873,-0.6529358319023862,3.6718752280336053
268,5.0,6.0,0.4,8.0,101.55037370850108,-0.003085995020734514,-0.017266048803859017,0.3676701229097525,0.684574082215004,0.3650435344248418,-0.08423497516882145,0.10645866243112012,0.5648933393132933,0.30102784306001856,-0.10790184569144716,0.07747834952566413,21.608020415217847,0.29078222655509905,-0.22745135738236638,2.748006240665296
